{
  "version": 1,
  "collections": [
    {
      "id": "d384f4b2-6eff-f671-9329-7f25dc946959",
      "name": "placement management",
      "timestamp": 1716707361810,
      "requests": [
        {
          "collectionId": "d384f4b2-6eff-f671-9329-7f25dc946959",
          "id": "96e12599-5ab5-20ac-bb89-8146ee68de83",
          "name": "put by id",
          "description": "",
          "url": "http://localhost:8085/placements/1",
          "method": "PUT",
          "headers": "Content-Type: application/json\n",
          "data": "{\n  \"placementId\":4,\n  \"placementName\":\"TCS\",\n  \"placementQualification\":\" No Backlogs\",\n  \"placementYear\":3\n  \n  \n} ",
          "dataMode": "raw",
          "timestamp": 0,
          "responses": [],
          "version": 2
        },
        {
          "collectionId": "d384f4b2-6eff-f671-9329-7f25dc946959",
          "id": "9c48dca7-4f38-bfc6-61d9-8f95e52088f5",
          "name": "Get placements",
          "description": "",
          "url": "http://localhost:8085/placements",
          "method": "GET",
          "headers": "Content-Type: application/json\n",
          "data": "{\n  \"placementId\":2,\n  \"placementName\":\"Infosis\",\n  \"placementQualification\":\" No Backlogs\",\n  \"placementYear\":2\n  \n  \n} ",
          "dataMode": "raw",
          "timestamp": 0,
          "responses": [],
          "version": 2
        },
        {
          "collectionId": "d384f4b2-6eff-f671-9329-7f25dc946959",
          "id": "b823afd5-0438-cc6c-50fb-36cfefa0a071",
          "name": "post placements",
          "description": "",
          "url": "http://localhost:8085/placements",
          "method": "POST",
          "headers": "Content-Type: application/json\n",
          "data": "{\n  \"placementId\":1,\n  \"placementName\":\"TCS\",\n  \"placementQualification\":\"Backlogs\",\n  \"placementYear\":3\n  \n  \n} ",
          "dataMode": "raw",
          "timestamp": 0,
          "responses": [],
          "version": 2
        },
        {
          "collectionId": "d384f4b2-6eff-f671-9329-7f25dc946959",
          "id": "e8113711-c585-7398-e799-c9b36382f1b8",
          "name": "Get by id",
          "description": "",
          "url": "http://localhost:8085/placements/1",
          "method": "GET",
          "headers": "Content-Type: application/json\n",
          "data": "{\n  \"placementId\":1,\n  \"placementName\":\"TCS\",\n  \"placementQualification\":\"Backlogs\",\n  \"placementYear\":3\n  \n  \n} ",
          "dataMode": "raw",
          "timestamp": 0,
          "responses": [],
          "version": 2
        }
      ]
    }
  ],
  "environments": [],
  "headerPresets": [],
  "globals": []
}